,1,2,3,4,5,6,7,8,9,10,11,12,13,14,15,16,17,18,19,20
1950,448204.8,247124,169835.8,125868.4,97873.35,78342.55,63911.99,52768.96,43962.59,36883.17,31067.78,26274.2,22287,18942.72,16116.37,13739.18,11724.35,10004.99,8546.315,50367.71
1951,448204.8,247120.2,169755,125713.5,97748.79,78242.77,63830.59,52701.75,43906.61,36836.19,31028.22,26240.74,22258.62,18918.6,16095.85,13721.69,11709.42,9992.25,8535.431,50303.56
1952,448193.9,247086.4,169040.2,124295.1,96537.4,77269.29,63036.36,52045.99,43360.28,36377.85,30642.14,25914.23,21981.66,18683.19,15895.57,13550.95,11563.72,9867.918,8429.226,49677.64
1953,448186.9,247108.5,169609.3,124896.3,96344.9,77029.15,62837.34,51881.62,43223.34,36262.96,30545.36,25832.39,21912.23,18624.19,15845.37,13508.15,11527.2,9836.753,8402.605,49520.75
1954,448182.9,247101.2,169552.9,125180,96701.73,76788.76,62571.33,51659.43,43038.19,36107.62,30414.52,25721.73,21818.37,18544.41,15777.49,13450.29,11477.82,9794.615,8366.611,49308.62
1955,448165.6,247047.6,168466.3,123084.4,95277.19,75764.76,61317.14,50567.46,42126.37,35342.6,29770.12,25176.75,21356.1,18151.5,15443.21,13165.31,11234.64,9587.094,8189.345,48263.9
1956,448133.7,246269.1,161680.2,115369.3,88994.69,71607.87,58657.23,48539.21,40743.66,34407.91,29117.95,24625.22,20888.26,17753.86,15104.9,12876.9,10988.52,9377.072,8009.943,47206.6
1957,448091.4,246140.1,160151.8,109636,82672.47,66378.62,55099.26,46214.25,38971.29,33191.26,28291.67,24038,20390.15,17330.5,14744.71,12569.84,10726.49,9153.466,7818.938,46080.91
1958,448007,245873.4,156613.5,103406.8,74788.03,58787.17,48774.72,41521.85,35538.08,30438.56,26185.19,22409.28,19097.23,16231.59,13809.76,11772.8,10046.34,8573.054,7323.147,43158.97
1959,447912.8,245763.4,156559.4,102080.7,71331.29,53862.02,43824.05,37350.29,32490.83,28274.52,24479.28,21143.04,18148.57,15497.22,13184.96,11240.15,9591.801,8185.177,6991.82,41206.29
1960,447810.5,245566.5,154939.4,100161.3,69165.39,50533.01,39559.46,33114.26,28876.57,25565.85,22504.55,19561.89,16946.6,14575.59,12458.67,10621,9063.443,7734.301,6606.68,38936.47
1961,447687.2,245366.1,153366.1,97469.9,66787.9,48294.9,36642.94,29559.76,25351.81,22523.75,20185.96,17840.08,15553.94,13501.46,11624.08,9955.718,8495.725,7249.839,6192.85,36497.56
1962,447521.7,245050.2,150425.7,92968.61,62677.49,45072.94,33929.94,26590.48,22021.35,19271.34,17350.06,15611.58,13838.76,12089.52,10504.7,9062.13,7769.242,6629.893,5663.289,33376.59
1963,447340.1,244808.5,149350.1,90829.92,59668.59,42316.5,31760.08,24754.96,19957.72,16891.71,14996.18,13555.23,12233.64,10866.12,9502.13,8273.022,7144.057,6124.82,5231.852,30833.92
1964,447175.5,244588.4,148737.3,90391.02,58551.44,40548.63,30083.19,23430.65,18823.37,15531.8,13349.57,11899.02,10787.99,9755.689,8673.834,7600.217,6623.744,5719.845,4908.705,28929.45
1965,446993.5,244280,146423,87598.25,56765.63,38850.09,28215.21,21774.37,17514.94,14423.19,12098.59,10440.4,9333.922,8479.336,7675.623,6838.099,5997.698,5227.116,4518.322,26752.9
1966,446770.1,243942.7,144008.2,83927.07,53617.47,36805.39,26491.17,20067.27,16030.78,13241.02,11098.39,9346.961,8090.137,7247.22,6590.273,5977.558,5330.646,4675.511,4078.879,24422.79
1967,446510.5,243714.6,142747.4,81394.88,50681.17,34333.94,24815.06,18650.22,14638.11,12016.21,10107.41,8505.806,7185.035,6231.361,5587.696,5091.354,4622.618,4122.342,3619.325,22082.13
1968,446137.6,243327.8,139353.9,76514.24,46588.56,30802.78,22004.55,16630.91,12966.88,10467.95,8756.644,7395.152,6242.029,5283.331,4586.655,4121.114,3758.802,3412.747,3046.453,19009.96
1969,445550.6,242800.8,135116.2,69947.16,40997.82,26560.76,18560.07,13894.97,10914.7,8765.3,7217.978,6062.178,5135.006,4342.984,3679.634,3200.821,2878.818,2625.724,2386.371,15436.3
1970,444994.7,242561.7,137163.5,71337.74,39535.71,24687.81,16927.13,12412.14,9668.463,7829.162,6417.284,5305.633,4469.441,3793.448,3211.557,2726.469,2374.06,2135.229,1949.457,13243.83
1971,444503.9,242216.5,136607.8,71990.15,40090.29,23680.48,15656.74,11269.77,8601.445,6908.888,5711.271,4700.087,3897.578,3289.875,2795.082,2371.072,2014.948,1754.507,1579.582,11249.36
1972,444016.7,241658.5,134401.2,70326,39799.56,23715.36,14895.77,10381.87,7805.481,6159.406,5060.06,4199.692,3466.518,2880.388,2433.716,2071.828,1759.292,1495.055,1303.115,9536.728
1973,443532.7,241068.8,131864.5,67683.31,38157.37,23207.38,14775.34,9828.038,7182.59,5599.871,4529.018,3735.58,3109.731,2571.979,2139.238,1811.117,1543.351,1310.536,1114.814,8090.036
1974,443134.1,240543.6,130420.4,66366.67,36850.6,22426.32,14644.36,9919.694,6946.119,5280.028,4228.034,3433.221,2840.263,2369.146,1961.421,1634.674,1385.329,1180.513,1003.436,7054.058
1975,442406,239624.9,123146.1,58640.84,32340.41,19503.37,12829.71,8971.341,6432.562,4704.639,3683.867,2961.716,2412.179,1999.563,1669.562,1385.001,1155.433,979.1889,835.2546,5705.952
1976,440875.3,238230.1,113906.2,47918.92,24829.76,15016.73,9893.399,7040.576,5256.566,3962.698,2999.37,2358.006,1901.46,1551.75,1287.602,1077.253,894.5397,746.267,633.0679,4232.73
1977,438364.4,236641.5,107352.9,40159.68,18459.4,10574.14,7048.654,5066.75,3877.762,3060.759,2397.154,1821.68,1436.447,1160.648,948.1339,788.3118,660.1893,548.2142,457.8036,2987.561
1978,490782,234267.9,98348.99,32152.57,13183.68,6762.445,4314.08,3168.991,2470.561,2011.846,1657.235,1303.13,993.2691,784.7896,634.7439,519.5604,432.413,362.1339,301.013,1893.419
1979,363964.7,260759.1,87233.26,23532.32,8463.121,3919.717,2269.292,1615.94,1301.488,1088.606,930.5671,769.616,606.9891,463.5841,366.6478,297.1412,243.464,202.6271,169.8643,1030.22
1980,539193.9,193178.5,96761.48,21201.76,6324.4,2582.248,1357.354,881.8296,691.6027,599.6792,527.8074,452.9909,375.7671,296.9574,227.0262,179.9141,145.9531,119.5874,99.62819,590.5673
1981,186405.9,284126.8,63964.93,19225.14,4708.275,1625.157,769.0042,462.8061,336.8386,288.1253,265.2979,234.4377,201.8108,167.7422,132.6942,101.6488,80.63544,65.41451,53.6513,309.9122
1982,307890.2,97400.84,88821.1,11213.16,3765.65,1070.466,429.5859,233.435,157.7869,125.4938,114.1465,105.5242,93.52952,80.67412,67.12223,53.20404,40.79711,32.36331,26.28061,146.188
1983,878927.2,163240.9,36963.6,20861.88,2857.391,1067.237,336.6048,148.3137,87.13593,62.51993,51.80667,47.31113,43.86881,38.96018,33.63882,28.0441,22.25123,17.06235,13.54867,72.264
1984,999368.8,458857.5,45273.54,4824.698,3021.597,482.2349,210.3722,76.53558,38.01907,24.47931,18.71468,15.56994,14.26157,13.25038,11.77953,10.19099,8.504549,6.747825,5.179441,26.07121
1985,458062.7,507726.7,129718.3,7479.434,921.6427,694.8104,134.0212,69.67381,29.37671,16.33273,11.37207,8.728905,7.283952,6.685227,6.217439,5.538339,4.796255,4.002555,3.178953,14.73472
1986,228348.3,225813.7,125767.5,18963.05,1310.127,202.279,192.3755,46.06843,28.73561,13.9238,8.528428,5.961928,4.589973,3.837832,3.525895,3.285741,2.929784,2.537221,2.119472,9.493628
1987,784377.8,112093.2,87322.99,37537.81,6376.748,499.4897,87.03553,92.31244,24.21597,16.19429,8.23293,5.062943,3.549962,2.738518,2.292059,2.109978,1.968231,1.755005,1.521372,6.969157
1988,576820.7,406577,50662.88,32126.43,15164.47,2840.738,244.1454,46.19839,52.48266,14.50978,10.05884,5.134257,3.166862,2.22494,1.718085,1.440865,1.32773,1.238534,1.105464,5.352509
1989,215415.4,301942,194024,20825.62,14483.53,7508.721,1537.012,142.8972,28.86751,34.47633,9.863562,6.865279,3.514721,2.172256,1.527688,1.182032,0.9922988,0.9143843,0.8538101,4.455634
1990,69981.33,113907.7,147916.7,82208.54,9626.069,7312.909,4119.876,907.5118,89.67801,18.98153,23.40359,6.722526,4.6931,2.407471,1.489414,1.049561,0.8128993,0.682417,0.6294633,3.658097
1991,63820.45,36481.47,66170.63,84384.02,50188.44,6188.76,4901.727,2855.016,646.0913,65.18031,13.98552,17.3128,4.987929,3.489122,1.791644,1.110644,0.7834317,0.6067786,0.5098914,3.206333
1992,338337.9,31775.23,18766.19,33068.98,46348.53,29833.36,3944.29,3316.582,2029.54,476.9669,49.36731,10.63504,13.20477,3.811994,2.669208,1.373367,0.8522046,0.6011327,0.4660513,2.856802
1993,118872.9,172637.3,19711.82,8501.14,10740.86,16909.65,13005,2038.397,1975.117,1341.591,337.6037,36.42532,8.047665,10.14144,2.930595,2.05615,1.058993,0.6571288,0.4639928,2.566998
1994,210632.1,54543.19,100842.1,8763.244,2761.715,3872.246,6946.734,5976.933,1021.646,1051.819,742.0984,190.2419,20.76584,4.620002,5.827827,1.687452,1.185126,0.6103838,0.3791356,1.750236
1995,97194.01,97244.36,31922.52,46521.23,2986.7,1030.335,1630.891,3256.842,3051.883,554.6088,593.754,428.159,111.2598,12.24314,2.726593,3.446303,0.998878,0.701529,0.3616749,1.262769
1996,253911.2,42819.94,54981.59,14644.01,16405.97,1165.088,453.6293,795.9952,1721.877,1707.001,321.3946,350.4279,255.6075,66.87932,7.366838,1.643906,2.07991,0.6028422,0.4238099,0.9821273
1997,172645.4,129305.5,27185.34,29344.82,6275.338,7539.241,584.7907,245.4889,456.8847,1030.649,1049.057,200.418,220.5574,161.7832,42.37271,4.67675,1.044659,1.321728,0.3834735,0.8949547
1998,322655.8,87463.53,77953.81,9479.951,5876.242,1455.905,2218.336,215.9078,109.3365,233.3429,575.6224,617.2679,121.7042,136.4271,100.1722,26.28867,2.904429,0.6487705,0.8216615,0.7953006
1999,436641.2,167708.4,56498.94,42702.35,4213.828,2799.008,760.9074,1258.859,130.8953,69.53558,153.0077,384.2735,416.7371,82.72321,92.82326,68.29232,17.94022,1.982075,0.4431845,1.105114
2000,442422.7,203698.9,98012.67,24155.87,12764.41,1418.165,1125.189,361.8269,687.743,79.15439,44.92888,102.8188,264.4675,290.864,57.79491,64.98119,47.85607,12.57167,1.390335,1.086836
2001,323071.2,192878.1,113527.8,41232.32,7210.752,4301.86,570.267,534.167,196.9791,413.8259,50.83988,29.99207,70.26748,183.253,201.7451,40.16717,45.20679,33.29301,8.754738,1.725826
2002,268672.3,139890.5,108502.2,52483.5,14475.66,2784.804,1884.37,279.5634,286.6214,112.8007,247.0703,31.07583,18.60165,43.96058,114.761,126.5946,25.23003,28.39554,20.93311,6.590782
2003,346826.7,119879.9,79981.27,51091.87,19203.85,5855.292,1281.653,972.9934,158.2976,173.4384,71.22658,159.8139,20.40279,12.32157,29.14826,76.24519,84.19134,16.77915,18.90326,18.32738
2004,128496.8,157157.2,70545.96,43920.91,24158.44,9770.933,3262.724,774.3417,627.7928,107.1676,121.1088,50.68816,115.0885,14.7977,8.945513,21.20413,55.52064,61.30691,12.23056,27.1513
2005,52335.33,44171.02,75583.63,32498.54,17099.32,10478.7,4793.077,1782.376,460.9427,397.5164,70.59308,81.57002,34.61443,79.24207,10.19888,6.177776,14.65823,38.38095,42.42335,27.27038
2006,942722.7,17675.51,20668.05,33074.19,11872.71,7064.273,4988.529,2586.165,1063.462,295.7465,267.2669,48.75625,57.27838,24.54594,56.24875,7.254014,4.398375,10.43618,27.35332,49.68875
2007,653292,480629,11072.55,9313.462,10569.96,4257.338,3007.059,2494.877,1476.184,668.2686,197.8043,185.2946,34.55155,41.11807,17.63827,40.50026,5.228266,3.170089,7.529311,55.6188
2008,736262,296637.4,279219.6,4790.362,2891.216,3680.073,1723.69,1391.968,1283.413,818.2487,388.3718,117.7637,111.9752,21.06596,25.09463,10.7863,24.79184,3.200432,1.942481,38.72827
2009,113505.8,293109.4,154417.1,105264,1189.534,814.8165,1250.934,698.4756,651.7617,667.7267,455.9559,225.2629,69.99087,67.51063,12.71352,15.17519,6.529203,15.00708,1.939235,24.66708
2010,144246,39531.2,140622.8,62972.46,32067.8,406.094,320.8965,559.2588,345.6205,346.9056,372.4224,261.0215,131.0455,41.10682,39.68982,7.489305,8.94837,3.850083,8.858098,15.71924
2011,212057.8,67195.23,22097.89,82129.11,38025.57,20312.02,272.1136,227.2522,415.9178,267.1807,275.4411,296.8865,208.7054,104.9901,32.96662,31.89394,6.024276,7.197924,3.100043,19.80205
2012,227478.2,110507.8,42568.28,14377.67,54636.6,26140.65,14417.02,198.4452,169.5516,315.9258,205.3634,212.5611,229.7991,161.8677,81.50966,25.64506,24.83544,4.691034,5.610548,17.86688
2013,506389.7,109611.9,63600.28,24445.77,7846.642,29933.32,14962.06,8653.83,124.2616,109.7791,209.3046,136.601,141.8134,153.621,108.317,54.65302,17.21247,16.66906,3.151681,15.78537
2014,859612.8,262504.6,69293.6,41055.27,15434.28,5009.302,19686.57,10124.12,6000.341,87.833,78.59429,150.4483,98.48387,102.4466,111.0874,78.48372,39.63978,12.48419,12.10215,13.76023
2015,431843.4,430157.8,156093,38689.7,19625.04,7061.937,2362.356,9652.137,5139.328,3130.79,46.69374,41.9497,80.54304,52.82925,55.00992,59.76914,42.2694,21.34901,6.730403,13.9502
,,,,,,,,,,,,,,,,,,,,
SCALED,,,,,,,,,,,,,,,,,,,,
1950,0.284783096,0.157019152,0.107911305,0.079975031,0.062187365,0.049777767,0.040608789,0.033528663,0.027933218,0.023435053,0.019740035,0.016694261,0.01416085,0.012035941,0.010240117,0.008729684,0.007449489,0.006357031,0.00543021,0.032002942
1951,0.284960832,0.157114734,0.107927283,0.079926461,0.062146984,0.049745395,0.040582381,0.033506858,0.027915061,0.02341981,0.019727204,0.016683407,0.014151644,0.012028118,0.010233462,0.008724012,0.007444646,0.006352899,0.005426679,0.03198213
1952,0.286669982,0.158039308,0.108120059,0.079500578,0.061746433,0.049422328,0.040318782,0.033289215,0.027733735,0.023267692,0.019599066,0.01657504,0.014059723,0.011949984,0.01016699,0.008667344,0.007396289,0.006311634,0.00539143,0.031774391
1953,0.286759726,0.158105392,0.108519719,0.079911369,0.061643562,0.049284925,0.040204697,0.033194989,0.027655233,0.02320183,0.019543586,0.016528125,0.014019921,0.011916162,0.010138212,0.008642808,0.007375353,0.006293768,0.005376169,0.031684453
1954,0.28700999,0.158240114,0.108579279,0.080163501,0.06192642,0.049174436,0.040069795,0.033081968,0.027561048,0.023122809,0.019477028,0.016471832,0.013972176,0.011875578,0.010103681,0.008613375,0.007350234,0.006272333,0.005357859,0.031576543
1955,0.289606692,0.159643307,0.108863705,0.079537711,0.061568563,0.04895954,0.039623421,0.032676928,0.027222256,0.022838552,0.01923759,0.016269333,0.013800411,0.011729584,0.009979474,0.008507484,0.007259877,0.006195225,0.005291993,0.031188356
1956,0.2967081,0.163054099,0.107048019,0.076385699,0.058923141,0.047411375,0.038836792,0.032137678,0.026976266,0.022781383,0.019278915,0.016304291,0.01383006,0.011754782,0.010000913,0.00852576,0.007275469,0.006208534,0.005303361,0.031255361
1957,0.303237526,0.166570737,0.108379754,0.074194125,0.055947057,0.044920497,0.0372874,0.031274635,0.026373096,0.022461568,0.019145862,0.01626727,0.013798655,0.011728094,0.009978208,0.008506406,0.007258953,0.006194438,0.005291321,0.031184399
1958,0.31497519,0.172863417,0.110108474,0.072701044,0.05258037,0.041330828,0.034291488,0.029192295,0.024985354,0.021400092,0.018409724,0.015755038,0.013426472,0.01141176,0.009709071,0.008276969,0.007063166,0.00602736,0.005148602,0.030343287
1959,0.322444117,0.176920513,0.112704208,0.073486002,0.051350073,0.038774269,0.031548121,0.026887781,0.023389546,0.020354302,0.01762218,0.015220482,0.013064819,0.011156161,0.009491608,0.008091575,0.00690496,0.005892357,0.005033282,0.029663644
1960,0.330657924,0.18132337,0.114405402,0.073957907,0.051070898,0.037312971,0.029210233,0.024451174,0.021322114,0.018877518,0.016617091,0.014444266,0.012513167,0.010762442,0.009199333,0.00784242,0.006692338,0.005710915,0.004878294,0.028750224
1961,0.339119057,0.18586263,0.116173452,0.073832579,0.050591238,0.036582956,0.0277567,0.022391254,0.01920377,0.01706154,0.015290684,0.013513701,0.011781971,0.010227235,0.008805137,0.007541368,0.006435436,0.005491688,0.004691029,0.027646576
1962,0.350330955,0.191831302,0.117756925,0.072778106,0.049065475,0.035284202,0.026561189,0.020815679,0.017238852,0.015086077,0.013582052,0.012221127,0.01083332,0.009463973,0.008223337,0.007094057,0.006081953,0.005190043,0.004433361,0.026128013
1963,0.358894455,0.196406299,0.119821413,0.072871524,0.047871242,0.033949912,0.02548065,0.019860544,0.016011788,0.013551973,0.012031217,0.010875164,0.009814871,0.00871773,0.007623421,0.006637325,0.005731573,0.004913854,0.004197439,0.024737606
1964,0.364710941,0.199483347,0.121308347,0.073721825,0.047753848,0.033070973,0.024535487,0.019109755,0.015352113,0.012667549,0.010887748,0.009704697,0.008798554,0.007956622,0.007074274,0.006198645,0.005402246,0.004665037,0.004003481,0.02359451
1965,0.372432454,0.203532713,0.121998815,0.072986366,0.047296802,0.032369675,0.023508753,0.018142282,0.014593349,0.01201732,0.010080477,0.008698882,0.007776971,0.007064935,0.006395286,0.005697465,0.004997248,0.004355203,0.00376464,0.022290365
1966,0.381281386,0.20818495,0.122899107,0.071624824,0.045758083,0.031410361,0.022608026,0.017125758,0.013680947,0.011300117,0.009471559,0.007976859,0.006904264,0.006184904,0.005624254,0.005101352,0.004549266,0.003990163,0.003480986,0.020842834
1967,0.389401918,0.212543563,0.124490043,0.070984495,0.044199061,0.029942638,0.02164122,0.016264861,0.012765899,0.01047934,0.008814675,0.007417916,0.006266071,0.005434371,0.004873031,0.004440171,0.004031386,0.003595095,0.003156414,0.019257831
1968,0.401778065,0.219133677,0.125497919,0.068906416,0.041956252,0.027740054,0.019816634,0.014977296,0.011677581,0.00942712,0.007885969,0.006659851,0.005621383,0.004758009,0.004130603,0.003711351,0.003385064,0.003073417,0.002743544,0.017119797
1969,0.417935827,0.227752253,0.126741835,0.065611906,0.038456817,0.024914551,0.017409736,0.013033774,0.010238218,0.008222036,0.006770615,0.00568645,0.004816744,0.00407381,0.003451574,0.003002437,0.002700392,0.002462984,0.002238466,0.014479574
1970,0.422699635,0.230408906,0.130291353,0.067763586,0.037554897,0.023450905,0.016079049,0.011790269,0.009184055,0.007436906,0.006095766,0.005039811,0.004245514,0.003603389,0.003050652,0.002589868,0.002255115,0.00202825,0.001851786,0.012580289
1971,0.427042424,0.232701493,0.131241427,0.069162156,0.03851542,0.022750238,0.015041695,0.010827059,0.008263554,0.006637486,0.005486915,0.004515453,0.003744469,0.003160639,0.002685283,0.002277929,0.001935795,0.001685585,0.001517531,0.010807451
1972,0.432189304,0.235221376,0.130821118,0.068452707,0.038739408,0.023083647,0.014498987,0.010105325,0.007597564,0.005995336,0.004925274,0.004087824,0.003374179,0.002803662,0.002368888,0.00201664,0.001712429,0.001455231,0.001268404,0.009282696
1973,0.437903322,0.238009122,0.130190858,0.066824264,0.037673071,0.022912829,0.014587809,0.009703299,0.007091428,0.005528797,0.004471535,0.003688168,0.003070262,0.002539335,0.002112086,0.00178813,0.001523763,0.001293902,0.001100665,0.007987356
1974,0.441534867,0.239675499,0.129949724,0.066127158,0.036717609,0.022345385,0.01459151,0.009883895,0.006921051,0.005260973,0.004212775,0.003420831,0.002830013,0.002360596,0.001954342,0.001628775,0.001380329,0.001176253,0.000999815,0.007028601
1975,0.455437155,0.246683098,0.126773392,0.060368117,0.033293003,0.020077846,0.013207612,0.009235594,0.006622034,0.004843215,0.003792376,0.003048954,0.00248323,0.002058461,0.001718739,0.001425796,0.001189467,0.001008031,0.000859857,0.005874022
1976,0.476821801,0.257654047,0.123193473,0.05182596,0.026854239,0.01624111,0.010700051,0.007614625,0.005685157,0.004285794,0.003243922,0.002550265,0.002056494,0.001678271,0.001392586,0.001165086,0.000967475,0.000807113,0.000684685,0.004577843
1977,0.495992764,0.26775092,0.121465752,0.045439161,0.020886114,0.01196424,0.007975286,0.005732836,0.004387541,0.003463133,0.002712289,0.002061162,0.001625286,0.001313229,0.001072778,0.000891945,0.000746979,0.000620284,0.000517987,0.003380312
1978,0.547537082,0.261359142,0.109722278,0.035870762,0.014708269,0.007544469,0.004812969,0.00353546,0.002756262,0.0022445,0.001848881,0.001453827,0.001108133,0.000875544,0.000708147,0.000579643,0.000482418,0.000404012,0.000335823,0.002112378
1979,0.479387711,0.343452835,0.114897277,0.030995053,0.011147005,0.005162765,0.002988946,0.002128398,0.001714225,0.001433832,0.001225675,0.001013682,0.000799482,0.000610599,0.000482922,0.000391373,0.000320673,0.000266886,0.000223733,0.001356931
1980,0.622777524,0.223124238,0.111761047,0.02448837,0.007304783,0.002982537,0.001567765,0.001018527,0.000798812,0.000692639,0.000609626,0.000523212,0.000434017,0.000342991,0.000262219,0.000207804,0.000168578,0.000138125,0.000115072,0.000682115
1981,0.330784785,0.504194462,0.113508347,0.034115786,0.008355024,0.002883907,0.001364629,0.000821268,0.000597734,0.00051129,0.000470782,0.000416019,0.000358121,0.000297665,0.000235471,0.00018038,0.000143091,0.000116081,9.52E-05,0.000549952
1982,0.601503654,0.190285242,0.173523601,0.02190637,0.007356688,0.002091295,0.000839252,0.000456046,0.000308257,0.000245169,0.000223,0.000206155,0.000182722,0.000157607,0.000131132,0.000103941,7.97E-05,6.32E-05,5.13E-05,0.000285597
1983,0.795465714,0.147739812,0.033453597,0.01888087,0.002586058,0.000965894,0.000304641,0.00013423,7.89E-05,5.66E-05,4.69E-05,4.28E-05,3.97E-05,3.53E-05,3.04E-05,2.54E-05,2.01E-05,1.54E-05,1.23E-05,6.54E-05
1984,0.660823569,0.303415366,0.029936718,0.003190288,0.001998004,0.000318873,0.000139107,5.06E-05,2.51E-05,1.62E-05,1.24E-05,1.03E-05,9.43E-06,8.76E-06,7.79E-06,6.74E-06,5.62E-06,4.46E-06,3.42E-06,1.72E-05
1985,0.414564319,0.459512145,0.117400039,0.006769175,0.000834122,0.00062883,0.000121294,6.31E-05,2.66E-05,1.48E-05,1.03E-05,7.90E-06,6.59E-06,6.05E-06,5.63E-06,5.01E-06,4.34E-06,3.62E-06,2.88E-06,1.33E-05
1986,0.380116208,0.375897028,0.209356781,0.031566526,0.002180881,0.00033672,0.000320235,7.67E-05,4.78E-05,2.32E-05,1.42E-05,9.92E-06,7.64E-06,6.39E-06,5.87E-06,5.47E-06,4.88E-06,4.22E-06,3.53E-06,1.58E-05
1987,0.762669187,0.108990884,0.08490622,0.036498905,0.006200264,0.000485666,8.46E-05,8.98E-05,2.35E-05,1.57E-05,8.01E-06,4.92E-06,3.45E-06,2.66E-06,2.23E-06,2.05E-06,1.91E-06,1.71E-06,1.48E-06,6.78E-06
1988,0.531836716,0.374869654,0.046711881,0.029621016,0.013981852,0.0026192,0.000225105,4.26E-05,4.84E-05,1.34E-05,9.27E-06,4.73E-06,2.92E-06,2.05E-06,1.58E-06,1.33E-06,1.22E-06,1.14E-06,1.02E-06,4.94E-06
1989,0.284950479,0.399407459,0.256654035,0.027548032,0.019158745,0.009932501,0.002033152,0.000189024,3.82E-05,4.56E-05,1.30E-05,9.08E-06,4.65E-06,2.87E-06,2.02E-06,1.56E-06,1.31E-06,1.21E-06,1.13E-06,5.89E-06
1990,0.160458012,0.261175418,0.339153595,0.188493401,0.022071314,0.016767541,0.009446335,0.002080806,0.00020562,4.35E-05,5.37E-05,1.54E-05,1.08E-05,5.52E-06,3.42E-06,2.41E-06,1.86E-06,1.56E-06,1.44E-06,8.39E-06
1991,0.202123633,0.115539255,0.20956681,0.267249835,0.158950146,0.019600217,0.015524097,0.009042027,0.002046214,0.00020643,4.43E-05,5.48E-05,1.58E-05,1.11E-05,5.67E-06,3.52E-06,2.48E-06,1.92E-06,1.61E-06,1.02E-05
1992,0.666041244,0.062551709,0.036942526,0.065098544,0.091240244,0.058729005,0.007764604,0.006528918,0.003995288,0.000938942,9.72E-05,2.09E-05,2.60E-05,7.50E-06,5.25E-06,2.70E-06,1.68E-06,1.18E-06,9.17E-07,5.62E-06
1993,0.324668944,0.471511757,0.053837467,0.023218548,0.029335733,0.046184103,0.035519615,0.005567326,0.005394494,0.00366419,0.000922073,9.95E-05,2.20E-05,2.77E-05,8.00E-06,5.62E-06,2.89E-06,1.79E-06,1.27E-06,7.01E-06
1994,0.5300509,0.1372567,0.253766856,0.022052505,0.006949793,0.009744419,0.017481298,0.015040816,0.002570949,0.002646879,0.001867474,0.000478739,5.23E-05,1.16E-05,1.47E-05,4.25E-06,2.98E-06,1.54E-06,9.54E-07,4.40E-06
1995,0.339188933,0.339364645,0.11140363,0.1623504,0.010423025,0.003595677,0.005691505,0.01136577,0.010650501,0.001935481,0.002072091,0.001494195,0.000388276,4.27E-05,9.52E-06,1.20E-05,3.49E-06,2.45E-06,1.26E-06,4.41E-06
1996,0.651699861,0.109903576,0.141118212,0.037585972,0.042108298,0.002990367,0.001164305,0.002043037,0.004419447,0.004381265,0.000824906,0.000899424,0.000656054,0.000171655,1.89E-05,4.22E-06,5.34E-06,1.55E-06,1.09E-06,2.52E-06
1997,0.458802159,0.343627126,0.07224457,0.077983351,0.016676602,0.020035402,0.001554071,0.000652382,0.001214163,0.002738932,0.002787851,0.000532607,0.000586127,0.000429936,0.000112605,1.24E-05,2.78E-06,3.51E-06,1.02E-06,2.38E-06
1998,0.633596634,0.17175144,0.153077278,0.018615705,0.01153913,0.002858949,0.004356129,0.000423976,0.000214703,0.000458214,0.001130345,0.001212124,0.00023899,0.000267901,0.000196707,5.16E-05,5.70E-06,1.27E-06,1.61E-06,1.56E-06
1999,0.611539512,0.234884645,0.079129808,0.059806941,0.005901693,0.003920161,0.001065692,0.0017631,0.000183326,9.74E-05,0.000214296,0.000538196,0.000583663,0.000115858,0.000130004,9.56E-05,2.51E-05,2.78E-06,6.21E-07,1.55E-06
2000,0.56315432,0.259285782,0.124759102,0.030747705,0.016247658,0.001805164,0.001432239,0.000460565,0.000875419,0.000100755,5.72E-05,0.000130877,0.000336637,0.000370237,7.36E-05,8.27E-05,6.09E-05,1.60E-05,1.77E-06,1.38E-06
2001,0.471910623,0.281737352,0.165830241,0.060228116,0.010532757,0.006283734,0.00083299,0.000780259,0.000287728,0.000604476,7.43E-05,4.38E-05,0.00010264,0.000267678,0.000294689,5.87E-05,6.60E-05,4.86E-05,1.28E-05,2.52E-06
2002,0.455349356,0.237088264,0.183890959,0.088949728,0.024533539,0.004719723,0.003193655,0.000473808,0.00048577,0.000191176,0.000418738,5.27E-05,3.15E-05,7.45E-05,0.000194498,0.000214554,4.28E-05,4.81E-05,3.55E-05,1.12E-05
2003,0.554095899,0.191522051,0.12777936,0.081625191,0.030680379,0.009354508,0.002047589,0.00155447,0.000252899,0.000277088,0.000113793,0.000255321,3.26E-05,1.97E-05,4.66E-05,0.000121811,0.000134505,2.68E-05,3.02E-05,2.93E-05
2004,0.292496663,0.357736197,0.160583438,0.099976961,0.054991744,0.022241529,0.007426923,0.00176263,0.001429042,0.000243945,0.000275679,0.000115381,0.000261975,3.37E-05,2.04E-05,4.83E-05,0.000126381,0.000139553,2.78E-05,6.18E-05
2005,0.218058804,0.184041637,0.314924468,0.135407434,0.07124551,0.043660235,0.01997069,0.007426394,0.00192055,0.00165628,0.000294131,0.000339867,0.000144223,0.000330168,4.25E-05,2.57E-05,6.11E-05,0.000159917,0.00017676,0.000113624
2006,0.90423436,0.016953876,0.01982424,0.031723877,0.011387985,0.006775861,0.004784863,0.00248058,0.001020044,0.000283672,0.000256355,4.68E-05,5.49E-05,2.35E-05,5.40E-05,6.96E-06,4.22E-06,1.00E-05,2.62E-05,4.77E-05
2007,0.554874398,0.408222858,0.009404485,0.007910401,0.008977609,0.003615975,0.002554049,0.002119027,0.001253799,0.000567595,0.000168005,0.00015738,2.93E-05,3.49E-05,1.50E-05,3.44E-05,4.44E-06,2.69E-06,6.40E-06,4.72E-05
2008,0.553812931,0.223129305,0.210027715,0.003603289,0.00217476,0.002768134,0.001296552,0.001047032,0.000965377,0.000615483,0.000292132,8.86E-05,8.42E-05,1.58E-05,1.89E-05,8.11E-06,1.86E-05,2.41E-06,1.46E-06,2.91E-05
2009,0.168790819,0.435873547,0.229628695,0.156534704,0.001768918,0.001211687,0.001860224,0.001038681,0.000969214,0.000992955,0.000678037,0.000334981,0.000104081,0.000100393,1.89E-05,2.26E-05,9.71E-06,2.23E-05,2.88E-06,3.67E-05
2010,0.341564912,0.093607246,0.332985416,0.149114587,0.075934413,0.000961604,0.000759862,0.001324288,0.000818406,0.000821449,0.000881871,0.000618082,0.000310307,9.73E-05,9.40E-05,1.77E-05,2.12E-05,9.12E-06,2.10E-05,3.72E-05
2011,0.477621543,0.151345008,0.049771469,0.184980851,0.085645666,0.045749123,0.000612886,0.000511844,0.000936779,0.000601776,0.000620381,0.000668683,0.000470071,0.000236471,7.43E-05,7.18E-05,1.36E-05,1.62E-05,6.98E-06,4.46E-05
2012,0.462561002,0.224709879,0.086559619,0.029235986,0.111099703,0.053155183,0.029316001,0.000403524,0.000344771,0.000642413,0.000417592,0.000432228,0.00046728,0.000329147,0.000165744,5.21E-05,5.05E-05,9.54E-06,1.14E-05,3.63E-05
2013,0.660622042,0.142996663,0.082971172,0.031891278,0.010236513,0.039050184,0.019519091,0.011289548,0.000162108,0.000143215,0.000273053,0.000178206,0.000185006,0.00020041,0.000141307,7.13E-05,2.25E-05,2.17E-05,4.11E-06,2.06E-05
2014,0.666621664,0.203569855,0.053736537,0.031837977,0.011969139,0.003884667,0.01526675,0.00785116,0.004653208,6.81E-05,6.09E-05,0.000116671,7.64E-05,7.94E-05,8.61E-05,6.09E-05,3.07E-05,9.68E-06,9.39E-06,1.07E-05
2015,0.391099945,0.389573377,0.141365976,0.035039414,0.017773462,0.006395659,0.002139473,0.00874148,0.004654444,0.002835407,4.23E-05,3.80E-05,7.29E-05,4.78E-05,4.98E-05,5.41E-05,3.83E-05,1.93E-05,6.10E-06,1.26E-05
